pubmed_id	SNP	populations	p_value
18193044	rs17145738	Discovery sample description: 2,758 European ancestry individuals Discovery ancestry (country of recruitment): 2758 European (NR)	7,00E-22
20686565	rs17145738	Discovery sample description: 96,598 European ancestry individuals Discovery ancestry (country of recruitment):   96598 European (Finland, Sweden, U.S., Australia, Iceland, Italy, Netherlands, Germany, U.K., Croatia, Switzerland, Austria, France, Denmark)	1,00E-09
18193044	rs328	Discovery sample description: 2,758 European ancestry individuals Discovery ancestry (country of recruitment): 2758 European (NR)	2,00E-28
22399527	rs268	Discovery sample description: 2,637 European ancestry cases, 7,927 European ancestry controls Discovery ancestry (country of recruitment): 10564 European (Finland)	2,00E-12
34503513	rs708272	Discovery sample description: 13,814 British ancestry individuals Discovery ancestry (country of recruitment): 13814 European (U.K.)	3,00E-11
34887591	rs429358	Discovery sample description: 40,963 South Asian ancestry individuals, 48,057 Hispanic individuals, 99,432 Admixed African or African ancestry individuals, 146,492 East Asian ancestry individuals, 1,320,016 European ancestry individuals Discovery ancestry (country of recruitment): 40963 South Asian (Pakistan, Sri Lanka, U.K., India), 48057 Hispanic or Latin American (U.S., Mexico), 99432 African American or Afro-Caribbean, African unspecified (Russian Federation, Costa Rica, Netherlands, U.S., El Salvador, Panama, Brazil, Poland, U.K., Bulgaria, Chile, Colombia, Argentina, Romania, Uruguay, Switzerland, Canada, Belgium, Norway, Denmark, Mexico, South Africa, Israel, Germany, Estonia), 146492 East Asian (Singapore, U.S., China, Japan, Taiwan, Republic of Korea), 1320016 European (Republic of Ireland, NR, Switzerland, Iceland, Greece, Canada, Netherlands, Sweden, Austria, U.S., Norway, Finland, Denmark, Italy, U.K., Australia, France, Germany, Croatia);	6,00E-256
28270201	rs7412	Discovery sample description: 19,259 British ancestry individuals from 6863 families. Discovery ancestry (country of recruitment): 19259 European (U.K.)	6,00E-14
30926973	rs6544713	Discovery sample description: up to 23,353 African ancestry individuals, 13,171 Asian ancestry individuals, up to 82,522 European ancestry individuals, 6,646 Hispanic individuals; Discovery ancestry (country of recruitment): 6646 Hispanic or Latin American (NR), 82522 European (NR), 13171 Asian unspecified (NR), 23353 African unspecified (NR)	3,00E-24
19060906	rs7679	Discovery sample description: 19,840 European ancestry individuals Discovery ancestry (country of recruitment): 19840 European (Finland, Sweden, U.S., Italy, U.K., France); 	7,00E-11
28035729	rs2650000	Discovery sample description: 19,840 European ancestry individuals Discovery ancestry (country of recruitment): 19840 European (Finland, Sweden, U.S., Italy, U.K., France)	2,00E-08
19060906	rs471364	Genotyping technologyGenome-wide genotyping array Discovery sample description: 19,840 European ancestry individuals Discovery ancestry (country of recruitment): 19840 European (Finland, Sweden, U.S., Italy, U.K., France)	3,00E-10
24097068	rs1800961	Discovery sample description: 94,595 European ancestry individuals Discovery ancestry (country of recruitment): 94595 European (NR)	2,00E-34
34503513	rs5128	Discovery sample description: 13,814 British ancestry individuals Discovery ancestry (country of recruitment): 13814 European (U.K.);  [PMID: 34503513]: Genotyping technology: Genome-wide genotyping array;  Discovery sample description: 13,814 British ancestry individuals Discovery ancestry (country of recruitment): 13814 European (U.K.)	5,00E-14
29507422	rs2967605	Discovery sample description: 76,627 European ancestry individuals, 7,795 Hispanic individuals, 6,855 East Asian ancestry individuals, 2,958 African American individuals, 439 South Asian ancestry individuals Discovery ancestry (country of recruitment): 76627 European (NR), 7795 Hispanic or Latin American (NR), 2958 African American or Afro-Caribbean (NR), 439 South Asian (NR)	8,00E-09
19060911	rs6756629	Genotyping technology: Genome-wide genotyping array Discovery sample description: 17,083 European ancestry individuals, 714 Orcadian individuals Discovery ancestry (country of recruitment): 17797 European (Finland, Sweden, Australia, Italy, Netherlands, Germany, U.K., Croatia, Norway, Denmark)	3,00E-06
32203549	rs676210	Discovery sample description: 441,016 European ancestry individuals Discovery ancestry (country of recruitment): 441016 European (NR)	6,00E-197
31675503	rs12740374	Reported trait: LDL cholesterol levels Genotyping technology: Genome-wide genotyping array, Genome-wide sequencing Discovery sample description: 14,126 African ancestry individuals Discovery ancestry (country of recruitment): 14126 Sub-Saharan African (Kenya, Uganda, South Africa, Ghana, Nigeria)	2,00E-26
29507422	rs12740374	Reported trait: Low density lipoprotein cholesterol levels;  Genotyping technology: Genome-wide genotyping array Discovery sample description: 76,627 European ancestry individuals, 7,795 Hispanic individuals, 6,855 East Asian ancestry individuals, 2,958 African American individuals, 439 South Asian ancestry individuals Discovery ancestry (country of recruitment): 7795 Hispanic or Latin American (NR), 2958 African American or Afro-Caribbean (NR), 76627 European (NR), 439 South Asian (NR)	4,00E-202